<?xml version="1.0" encoding="UTF-8"?>
<project-private xmlns="http://www.netbeans.org/ns/project-private/1">
    <editor-bookmarks xmlns="http://www.netbeans.org/ns/editor-bookmarks/2" lastBookmarkId="0"/>
    <open-files xmlns="http://www.netbeans.org/ns/projectui-open-files/2">
        <group>
            <file>file:/C:/Users/Nicolas%20Lazarte/OneDrive%20-%20Collège%20de%20Rosemont/Hiver%202022/Applications%20Web%202/Semaine%2015/projet-web-main/Projet%20Mediclic/web/pageRemerciement.jsp</file>
            <file>file:/C:/Users/Nicolas%20Lazarte/OneDrive%20-%20Collège%20de%20Rosemont/Hiver%202022/Applications%20Web%202/Semaine%2015/projet-web-main/Projet%20Mediclic/web/services.jsp</file>
            <file>file:/C:/Users/Nicolas%20Lazarte/OneDrive%20-%20Collège%20de%20Rosemont/Hiver%202022/Applications%20Web%202/Semaine%2015/projet-web-main/Projet%20Mediclic/web/inscriptionMedecin.jsp</file>
            <file>file:/C:/Users/Nicolas%20Lazarte/OneDrive%20-%20Collège%20de%20Rosemont/Hiver%202022/Applications%20Web%202/Semaine%2015/projet-web-main/Projet%20Mediclic/web/rendezVous.jsp</file>
            <file>file:/C:/Users/Nicolas%20Lazarte/OneDrive%20-%20Collège%20de%20Rosemont/Hiver%202022/Applications%20Web%202/Semaine%2015/projet-web-main/Projet%20Mediclic/web/horaire.jsp</file>
            <file>file:/C:/Users/Nicolas%20Lazarte/OneDrive%20-%20Collège%20de%20Rosemont/Hiver%202022/Applications%20Web%202/Semaine%2015/projet-web-main/Projet%20Mediclic/web/index.jsp</file>
            <file>file:/C:/Users/Nicolas%20Lazarte/OneDrive%20-%20Collège%20de%20Rosemont/Hiver%202022/Applications%20Web%202/Semaine%2015/projet-web-main/Projet%20Mediclic/web/envoyerDocuments.jsp</file>
            <file>file:/C:/Users/Nicolas%20Lazarte/OneDrive%20-%20Collège%20de%20Rosemont/Hiver%202022/Applications%20Web%202/Semaine%2015/projet-web-main/Projet%20Mediclic/web/css/services.css</file>
        </group>
    </open-files>
</project-private>
